{
  "project_info": {
    "project_number": "436344839950",
    "project_id": "presence-detector-9987f",
    "storage_bucket": "presence-detector-9987f.firebasestorage.app"
  },
  "client": [
    {
      "client_info": {
        "mobilesdk_app_id": "1:436344839950:android:4888ed67f27ea4c104015f",
        "android_client_info": {
          "package_name": "com.iot.presencedetector"
        }
      },
      "oauth_client": [],
      "api_key": [
        {
          "current_key": "AIzaSyCyp8Ue4pJZdJCOj3TO--q0JW4M3TD8RgM"
        }
      ],
      "services": {
        "appinvite_service": {
          "other_platform_oauth_client": []
        }
      }
    }
  ],
  "configuration_version": "1"
}